match_id,match_no,date,group,team_id,team_name,opponent_id,opponent_name,is_team_a,goals_for,goals_against,result,points,possession,shots,shots_on_target,shot_accuracy,xg_for,xg_against,xg_diff,big_chances,corners,yellow_cards,red_cards,formation,source_url,data_status
2026-06-11_match-1,1,2026-06-11,A,MEX,México,RSA,Sudáfrica,True,2,0,G,3.0,61.0,16,5,0.312,1.34,0.12,1.22,11,3,1,1,4-1-2-3,https://www.foxsports.com/soccer/fifa-world-cup-men-mexico-vs-south-africa-jun-11-2026-game-boxscore-647616,verified
2026-06-11_match-1,1,2026-06-11,A,RSA,Sudáfrica,MEX,México,False,0,2,P,0.0,39.0,3,2,0.667,0.12,1.34,-1.22,2,1,2,2,5-3-2,https://www.foxsports.com/soccer/fifa-world-cup-men-mexico-vs-south-africa-jun-11-2026-game-boxscore-647616,verified
2026-06-11_match-2,2,2026-06-11,A,KOR,Corea del Sur,CZE,República Checa,True,2,1,G,3.0,62.0,15,7,0.467,2.27,0.65,1.62,14,4,1,0,3-4-3,https://www.foxsports.com/soccer/fifa-world-cup-men-south-korea-vs-czechia-jun-11-2026-game-boxscore-647617,verified
2026-06-11_match-2,2,2026-06-11,A,CZE,República Checa,KOR,Corea del Sur,False,1,2,P,0.0,38.0,8,4,0.5,0.65,2.27,-1.62,2,5,0,0,3-4-3,https://www.foxsports.com/soccer/fifa-world-cup-men-south-korea-vs-czechia-jun-11-2026-game-boxscore-647617,verified
2026-06-12_match-3,3,2026-06-12,B,CAN,Canadá,BIH,Bosnia y Herzegovina,True,1,1,E,1.0,60.0,13,3,0.231,1.94,1.23,0.71,11,9,2,0,4-4-2,https://www.foxsports.com/soccer/fifa-world-cup-men-canada-vs-bosnia-and-herzegovina-jun-12-2026-game-boxscore-647618,verified
2026-06-12_match-3,3,2026-06-12,B,BIH,Bosnia y Herzegovina,CAN,Canadá,False,1,1,E,1.0,40.0,8,4,0.5,1.23,1.94,-0.71,5,4,3,0,4-4-2,https://www.foxsports.com/soccer/fifa-world-cup-men-canada-vs-bosnia-and-herzegovina-jun-12-2026-game-boxscore-647618,verified
2026-06-12_match-4,4,2026-06-12,D,USA,Estados Unidos,PAR,Paraguay,True,4,1,G,3.0,63.0,17,6,0.353,1.45,0.6,0.85,11,3,1,0,4-2-3-1,https://www.foxsports.com/soccer/fifa-world-cup-men-united-states-vs-paraguay-jun-12-2026-game-boxscore-647619,verified
2026-06-12_match-4,4,2026-06-12,D,PAR,Paraguay,USA,Estados Unidos,False,1,4,P,0.0,37.0,8,2,0.25,0.6,1.45,-0.85,5,1,5,0,4-4-2,https://www.foxsports.com/soccer/fifa-world-cup-men-united-states-vs-paraguay-jun-12-2026-game-boxscore-647619,verified
2026-06-13_match-5,5,2026-06-13,B,QAT,Catar,SUI,Suiza,True,1,1,E,1.0,30.0,5,3,0.6,0.56,3.47,-2.91,4,3,2,0,4-2-3-1,https://www.foxsports.com/soccer/fifa-world-cup-men-qatar-vs-switzerland-jun-13-2026-game-boxscore-647621,verified
2026-06-13_match-5,5,2026-06-13,B,SUI,Suiza,QAT,Catar,False,1,1,E,1.0,70.0,27,10,0.37,3.47,0.56,2.91,21,10,1,0,3-4-3,https://www.foxsports.com/soccer/fifa-world-cup-men-qatar-vs-switzerland-jun-13-2026-game-boxscore-647621,verified
2026-06-13_match-6,6,2026-06-13,C,BRA,Brasil,MAR,Marruecos,True,1,1,E,1.0,54.0,8,5,0.625,0.56,1.35,-0.79,5,6,2,0,4-2-3-1,https://www.foxsports.com/soccer/fifa-world-cup-men-brazil-vs-morocco-jun-13-2026-game-boxscore-647622,verified
2026-06-13_match-6,6,2026-06-13,C,MAR,Marruecos,BRA,Brasil,False,1,1,E,1.0,46.0,13,4,0.308,1.35,0.56,0.79,8,2,0,0,4-2-3-1,https://www.foxsports.com/soccer/fifa-world-cup-men-brazil-vs-morocco-jun-13-2026-game-boxscore-647622,verified
2026-06-13_match-7,7,2026-06-13,C,HTI,Haití,SCO,Escocia,True,0,1,P,0.0,50.0,13,3,0.231,0.71,1.16,-0.45,7,4,1,0,4-4-2,https://www.foxsports.com/soccer/fifa-world-cup-men-haiti-vs-scotland-jun-13-2026-game-boxscore-647623,verified
2026-06-13_match-7,7,2026-06-13,C,SCO,Escocia,HTI,Haití,False,1,0,G,3.0,50.0,8,3,0.375,1.16,0.71,0.45,7,3,3,0,4-4-2,https://www.foxsports.com/soccer/fifa-world-cup-men-haiti-vs-scotland-jun-13-2026-game-boxscore-647623,verified
2026-06-14_match-8,8,2026-06-14,D,AUS,Australia,TUR,Turquía,True,2,0,G,3.0,37.0,8,4,0.5,0.84,1.6,-0.76,7,5,0,0,5-4-1,https://www.foxsports.com/soccer/fifa-world-cup-men-australia-vs-turkiye-jun-14-2026-game-boxscore-647620,verified
2026-06-14_match-8,8,2026-06-14,D,TUR,Turquía,AUS,Australia,False,0,2,P,0.0,63.0,28,7,0.25,1.6,0.84,0.76,21,8,1,0,4-2-3-1,https://www.foxsports.com/soccer/fifa-world-cup-men-australia-vs-turkiye-jun-14-2026-game-boxscore-647620,verified
2026-06-14_match-9,9,2026-06-14,E,GER,Alemania,CUW,Curazao,True,7,1,G,3.0,65.0,26,11,0.423,3.6,0.35,3.25,23,8,0,0,4-2-3-1,https://www.foxsports.com/soccer/fifa-world-cup-men-germany-vs-curacao-jun-14-2026-game-boxscore-647624,verified
2026-06-14_match-9,9,2026-06-14,E,CUW,Curazao,GER,Alemania,False,1,7,P,0.0,35.0,7,2,0.286,0.35,3.6,-3.25,5,1,0,0,4-2-3-1,https://www.foxsports.com/soccer/fifa-world-cup-men-germany-vs-curacao-jun-14-2026-game-boxscore-647624,verified
2026-06-14_match-10,10,2026-06-14,F,NED,Países Bajos,JPN,Japón,True,2,2,E,1.0,60.0,11,7,0.636,1.12,0.67,0.45,10,5,3,0,4-1-2-3,https://www.foxsports.com/soccer/fifa-world-cup-men-netherlands-vs-japan-jun-14-2026-game-boxscore-647625,verified
2026-06-14_match-10,10,2026-06-14,F,JPN,Japón,NED,Países Bajos,False,2,2,E,1.0,40.0,8,3,0.375,0.67,1.12,-0.45,8,4,0,0,3-4-3,https://www.foxsports.com/soccer/fifa-world-cup-men-netherlands-vs-japan-jun-14-2026-game-boxscore-647625,verified
2026-06-14_match-11,11,2026-06-14,E,CIV,Costa de Marfil,ECU,Ecuador,True,1,0,G,3.0,49.0,16,4,0.25,1.51,0.52,0.99,14,3,3,0,4-4-2,https://www.foxsports.com/soccer/fifa-world-cup-men-ivory-coast-vs-ecuador-jun-14-2026-game-boxscore-647626,verified
2026-06-14_match-11,11,2026-06-14,E,ECU,Ecuador,CIV,Costa de Marfil,False,0,1,P,0.0,51.0,10,1,0.1,0.52,1.51,-0.99,6,5,1,0,3-4-3,https://www.foxsports.com/soccer/fifa-world-cup-men-ivory-coast-vs-ecuador-jun-14-2026-game-boxscore-647626,verified
2026-06-14_match-12,12,2026-06-14,F,SWE,Suecia,TUN,Túnez,True,5,1,G,3.0,49.0,13,8,0.615,1.51,0.3,1.21,11,4,0,0,3-4-1-2,https://www.foxsports.com/soccer/fifa-world-cup-men-sweden-vs-tunisia-jun-14-2026-game-boxscore-647627,verified
2026-06-14_match-12,12,2026-06-14,F,TUN,Túnez,SWE,Suecia,False,1,5,P,0.0,51.0,5,2,0.4,0.3,1.51,-1.21,3,2,1,0,4-2-3-1,https://www.foxsports.com/soccer/fifa-world-cup-men-sweden-vs-tunisia-jun-14-2026-game-boxscore-647627,verified
2026-06-15_match-13,13,2026-06-15,H,ESP,España,CPV,Cabo Verde,True,0,0,E,1.0,74.0,23,8,0.348,1.55,0.38,1.17,16,11,1,0,4-1-2-3,https://www.foxsports.com/soccer/fifa-world-cup-men-spain-vs-cape-verde-jun-15-2026-game-boxscore-647628,verified
2026-06-15_match-13,13,2026-06-15,H,CPV,Cabo Verde,ESP,España,False,0,0,E,1.0,26.0,6,1,0.167,0.38,1.55,-1.17,6,1,1,0,4-2-3-1,https://www.foxsports.com/soccer/fifa-world-cup-men-spain-vs-cape-verde-jun-15-2026-game-boxscore-647628,verified
2026-06-15_match-14,14,2026-06-15,G,BEL,Bélgica,EGY,Egipto,True,1,1,E,1.0,53.0,15,3,0.2,0.83,0.98,-0.15,10,2,2,0,4-2-3-1,https://www.foxsports.com/soccer/fifa-world-cup-men-belgium-vs-egypt-jun-15-2026-game-boxscore-647629,verified
2026-06-15_match-14,14,2026-06-15,G,EGY,Egipto,BEL,Bélgica,False,1,1,E,1.0,47.0,14,4,0.286,0.98,0.83,0.15,9,7,2,0,4-2-3-1,https://www.foxsports.com/soccer/fifa-world-cup-men-belgium-vs-egypt-jun-15-2026-game-boxscore-647629,verified
2026-06-15_match-15,15,2026-06-15,H,KSA,Arabia Saudí,URU,Uruguay,True,1,1,E,1.0,35.0,7,3,0.429,1.0,1.88,-0.88,3,4,1,0,4-4-2,https://www.foxsports.com/soccer/fifa-world-cup-men-saudi-arabia-vs-uruguay-jun-15-2026-game-boxscore-647630,verified
2026-06-15_match-15,15,2026-06-15,H,URU,Uruguay,KSA,Arabia Saudí,False,1,1,E,1.0,65.0,27,10,0.37,1.88,1.0,0.88,16,14,0,0,4-4-2,https://www.foxsports.com/soccer/fifa-world-cup-men-saudi-arabia-vs-uruguay-jun-15-2026-game-boxscore-647630,verified
2026-06-15_match-16,16,2026-06-15,G,IRI,Irán,NZL,Nueva Zelanda,True,2,2,E,1.0,47.0,17,4,0.235,1.46,0.85,0.61,12,4,1,0,4-4-2,https://www.foxsports.com/soccer/fifa-world-cup-men-iran-vs-new-zealand-jun-15-2026-game-boxscore-647631,verified
2026-06-15_match-16,16,2026-06-15,G,NZL,Nueva Zelanda,IRI,Irán,False,2,2,E,1.0,53.0,13,8,0.615,0.85,1.46,-0.61,9,1,0,0,4-2-3-1,https://www.foxsports.com/soccer/fifa-world-cup-men-iran-vs-new-zealand-jun-15-2026-game-boxscore-647631,verified
2026-06-16_match-17,17,2026-06-16,I,FRA,Francia,SEN,Senegal,True,3,1,G,3.0,54.0,11,8,0.727,1.9,0.35,1.55,9,6,0,0,4-2-3-1,https://www.foxsports.com/soccer/fifa-world-cup-men-france-vs-senegal-jun-16-2026-game-boxscore-647633,verified
2026-06-16_match-17,17,2026-06-16,I,SEN,Senegal,FRA,Francia,False,1,3,P,0.0,46.0,6,2,0.333,0.35,1.9,-1.55,5,4,0,0,4-3-3,https://www.foxsports.com/soccer/fifa-world-cup-men-france-vs-senegal-jun-16-2026-game-boxscore-647633,verified
2026-06-16_match-18,18,2026-06-16,I,IRQ,Irak,NOR,Noruega,True,1,4,P,0.0,37.0,11,1,0.091,0.67,2.21,-1.54,5,2,1,0,4-4-2,https://www.foxsports.com/soccer/fifa-world-cup-men-iraq-vs-norway-jun-16-2026-game-boxscore-647634,verified
2026-06-16_match-18,18,2026-06-16,I,NOR,Noruega,IRQ,Irak,False,4,1,G,3.0,63.0,12,6,0.5,2.21,0.67,1.54,8,5,0,0,4-3-3,https://www.foxsports.com/soccer/fifa-world-cup-men-iraq-vs-norway-jun-16-2026-game-boxscore-647634,verified
2026-06-16_match-19,19,2026-06-16,J,ARG,Argentina,DZA,Argelia,True,3,0,G,3.0,47.0,9,6,0.667,1.13,0.14,0.99,6,2,0,0,4-3-3,https://www.foxsports.com/soccer/fifa-world-cup-men-argentina-vs-algeria-jun-16-2026-game-boxscore-647635,verified
2026-06-16_match-19,19,2026-06-16,J,DZA,Argelia,ARG,Argentina,False,0,3,P,0.0,53.0,6,0,0.0,0.14,1.13,-0.99,2,2,0,0,4-3-3,https://www.foxsports.com/soccer/fifa-world-cup-men-argentina-vs-algeria-jun-16-2026-game-boxscore-647635,verified
2026-06-17_match-20,20,2026-06-17,J,AUT,Austria,JOR,Jordania,True,3,1,G,3.0,62.0,9,3,0.333,1.65,0.96,0.69,4,4,1,0,4-2-3-1,https://www.foxsports.com/soccer/fifa-world-cup-men-austria-vs-jordan-jun-17-2026-game-boxscore-647632,verified
2026-06-17_match-20,20,2026-06-17,J,JOR,Jordania,AUT,Austria,False,1,3,P,0.0,38.0,11,4,0.364,0.96,1.65,-0.69,7,3,0,0,3-4-3,https://www.foxsports.com/soccer/fifa-world-cup-men-austria-vs-jordan-jun-17-2026-game-boxscore-647632,verified
2026-06-17_match-21,21,2026-06-17,K,POR,Portugal,COD,DR Congo,True,1,1,E,1.0,75.0,9,3,0.333,0.7,0.5,0.2,6,5,3,0,4-2-3-1,https://www.foxsports.com/soccer/fifa-world-cup-men-portugal-vs-dr-congo-jun-17-2026-game-boxscore-647636,verified
2026-06-17_match-21,21,2026-06-17,K,COD,DR Congo,POR,Portugal,False,1,1,E,1.0,25.0,8,2,0.25,0.5,0.7,-0.2,7,4,1,0,5-3-2,https://www.foxsports.com/soccer/fifa-world-cup-men-portugal-vs-dr-congo-jun-17-2026-game-boxscore-647636,verified
2026-06-17_match-22,22,2026-06-17,L,ENG,Inglaterra,CRO,Croacia,True,4,2,G,3.0,54.0,20,12,0.6,2.9,0.9,2.0,14,8,0,0,4-2-3-1,https://www.foxsports.com/soccer/fifa-world-cup-men-england-vs-croatia-jun-17-2026-game-boxscore-647637,verified
2026-06-17_match-22,22,2026-06-17,L,CRO,Croacia,ENG,Inglaterra,False,2,4,P,0.0,46.0,11,5,0.455,0.9,2.9,-2.0,7,2,0,0,3-4-3,https://www.foxsports.com/soccer/fifa-world-cup-men-england-vs-croatia-jun-17-2026-game-boxscore-647637,verified
2026-06-17_match-23,23,2026-06-17,L,GHA,Ghana,PAN,Panamá,True,1,0,G,3.0,37.0,8,3,0.375,1.1,0.7,0.4,7,2,1,0,4-2-3-1,https://www.foxsports.com/soccer/fifa-world-cup-men-ghana-vs-panama-jun-17-2026-game-boxscore-647638,verified
2026-06-17_match-23,23,2026-06-17,L,PAN,Panamá,GHA,Ghana,False,0,1,P,0.0,63.0,11,4,0.364,0.7,1.1,-0.4,8,2,2,0,3-4-3,https://www.foxsports.com/soccer/fifa-world-cup-men-ghana-vs-panama-jun-17-2026-game-boxscore-647638,verified
2026-06-17_match-24,24,2026-06-17,K,UZB,Uzbekistán,COL,Colombia,True,1,3,P,0.0,33.0,7,3,0.429,0.7,1.0,-0.3,2,3,1,0,3-4-3,https://www.foxsports.com/soccer/fifa-world-cup-men-uzbekistan-vs-colombia-jun-17-2026-game-boxscore-647639,verified
2026-06-17_match-24,24,2026-06-17,K,COL,Colombia,UZB,Uzbekistán,False,3,1,G,3.0,67.0,15,6,0.4,1.0,0.7,0.3,9,4,1,0,4-2-3-1,https://www.foxsports.com/soccer/fifa-world-cup-men-uzbekistan-vs-colombia-jun-17-2026-game-boxscore-647639,verified
2026-06-18_match-25,25,2026-06-18,A,CZE,República Checa,RSA,Sudáfrica,True,1,1,E,1.0,38.0,12,3,0.25,0.85,1.48,-0.63,9,5,1,0,3-4-3,https://www.foxsports.com/soccer/fifa-world-cup-men-czechia-vs-south-africa-jun-18-2026-game-boxscore-647640,verified
2026-06-18_match-25,25,2026-06-18,A,RSA,Sudáfrica,CZE,República Checa,False,1,1,E,1.0,62.0,17,5,0.294,1.48,0.85,0.63,11,5,2,0,4-2-3-1,https://www.foxsports.com/soccer/fifa-world-cup-men-czechia-vs-south-africa-jun-18-2026-game-boxscore-647640,verified
2026-06-18_match-26,26,2026-06-18,B,SUI,Suiza,BIH,Bosnia y Herzegovina,True,4,1,G,3.0,62.0,13,8,0.615,2.23,0.27,1.96,9,7,1,0,4-3-3,https://www.foxsports.com/soccer/fifa-world-cup-men-switzerland-vs-bosnia-and-herzegovina-jun-18-2026-game-boxscore-647641,verified
2026-06-18_match-26,26,2026-06-18,B,BIH,Bosnia y Herzegovina,SUI,Suiza,False,1,4,P,0.0,38.0,4,3,0.75,0.27,2.23,-1.96,3,3,2,1,4-4-2,https://www.foxsports.com/soccer/fifa-world-cup-men-switzerland-vs-bosnia-and-herzegovina-jun-18-2026-game-boxscore-647641,verified
2026-06-18_match-27,27,2026-06-18,B,CAN,Canadá,QAT,Catar,True,6,0,G,3.0,78.0,31,10,0.323,3.36,0.14,3.22,17,19,1,0,4-4-2,https://www.foxsports.com/soccer/fifa-world-cup-men-canada-vs-qatar-jun-18-2026-game-boxscore-647642,verified
2026-06-18_match-27,27,2026-06-18,B,QAT,Catar,CAN,Canadá,False,0,6,P,0.0,22.0,2,0,0.0,0.14,3.36,-3.22,1,1,1,2,4-2-3-1,https://www.foxsports.com/soccer/fifa-world-cup-men-canada-vs-qatar-jun-18-2026-game-boxscore-647642,verified
2026-06-18_match-28,28,2026-06-18,A,MEX,México,KOR,Corea del Sur,True,1,0,G,3.0,43.0,8,4,0.5,0.66,0.53,0.13,4,0,0,0,4-1-2-3,https://www.foxsports.com/soccer/fifa-world-cup-men-mexico-vs-south-korea-jun-18-2026-game-boxscore-647643,verified
2026-06-18_match-28,28,2026-06-18,A,KOR,Corea del Sur,MEX,México,False,0,1,P,0.0,57.0,8,2,0.25,0.53,0.66,-0.13,4,2,2,0,3-4-3,https://www.foxsports.com/soccer/fifa-world-cup-men-mexico-vs-south-korea-jun-18-2026-game-boxscore-647643,verified
2026-06-19_match-29,29,2026-06-19,C,BRA,Brasil,HTI,Haití,True,3,0,G,3.0,57.0,9,5,0.556,1.47,0.54,0.93,5,4,1,0,4-4-2,https://www.foxsports.com/soccer/fifa-world-cup-men-brazil-vs-haiti-jun-19-2026-game-boxscore-647647,verified
2026-06-19_match-29,29,2026-06-19,C,HTI,Haití,BRA,Brasil,False,0,3,P,0.0,43.0,8,4,0.5,0.54,1.47,-0.93,6,4,3,0,5-4-1,https://www.foxsports.com/soccer/fifa-world-cup-men-brazil-vs-haiti-jun-19-2026-game-boxscore-647647,verified
2026-06-19_match-30,30,2026-06-19,C,SCO,Escocia,MAR,Marruecos,True,0,1,P,0.0,40.0,6,0,0.0,0.95,1.12,-0.17,5,2,1,0,3-5-2,https://www.foxsports.com/soccer/fifa-world-cup-men-scotland-vs-morocco-jun-19-2026-game-boxscore-647646,verified
2026-06-19_match-30,30,2026-06-19,C,MAR,Marruecos,SCO,Escocia,False,1,0,G,3.0,60.0,12,3,0.25,1.12,0.95,0.17,9,5,1,0,4-2-3-1,https://www.foxsports.com/soccer/fifa-world-cup-men-scotland-vs-morocco-jun-19-2026-game-boxscore-647646,verified
2026-06-19_match-31,31,2026-06-19,D,TUR,Turquía,PAR,Paraguay,True,0,1,P,0.0,78.0,33,6,0.182,2.47,0.41,2.06,26,12,1,0,4-2-3-1,https://www.foxsports.com/soccer/fifa-world-cup-men-turkiye-vs-paraguay-jun-19-2026-game-boxscore-647644,verified
2026-06-19_match-31,31,2026-06-19,D,PAR,Paraguay,TUR,Turquía,False,1,0,G,3.0,22.0,6,2,0.333,0.41,2.47,-2.06,4,0,1,1,4-2-3-1,https://www.foxsports.com/soccer/fifa-world-cup-men-turkiye-vs-paraguay-jun-19-2026-game-boxscore-647644,verified
2026-06-19_match-32,32,2026-06-19,D,USA,Estados Unidos,AUS,Australia,True,2,0,G,3.0,63.0,8,2,0.25,0.55,0.4,0.15,6,7,3,0,4-2-3-1,https://www.foxsports.com/soccer/fifa-world-cup-men-united-states-vs-australia-jun-19-2026-game-boxscore-647645,verified
2026-06-19_match-32,32,2026-06-19,D,AUS,Australia,USA,Estados Unidos,False,0,2,P,0.0,37.0,5,2,0.4,0.4,0.55,-0.15,3,4,4,0,5-4-1,https://www.foxsports.com/soccer/fifa-world-cup-men-united-states-vs-australia-jun-19-2026-game-boxscore-647645,verified
2026-06-20_match-33,33,2026-06-20,E,GER,Alemania,CIV,Costa de Marfil,True,2,1,G,3.0,59.0,11,2,0.182,0.79,0.64,0.15,9,7,0,0,3-4-3,https://www.foxsports.com/soccer/fifa-world-cup-men-germany-vs-ivory-coast-jun-20-2026-game-boxscore-647649,verified
2026-06-20_match-33,33,2026-06-20,E,CIV,Costa de Marfil,GER,Alemania,False,1,2,P,0.0,41.0,8,2,0.25,0.64,0.79,-0.15,3,2,0,0,4-3-3,https://www.foxsports.com/soccer/fifa-world-cup-men-germany-vs-ivory-coast-jun-20-2026-game-boxscore-647649,verified
2026-06-20_match-34,34,2026-06-20,E,ECU,Ecuador,CUW,Curazao,True,0,0,E,1.0,75.0,26,15,0.577,2.16,0.45,1.71,20,9,1,0,3-5-2,https://www.foxsports.com/soccer/fifa-world-cup-men-ecuador-vs-curacao-jun-20-2026-game-boxscore-647650?tab=boxscore,verified
2026-06-20_match-34,34,2026-06-20,E,CUW,Curazao,ECU,Ecuador,False,0,0,E,1.0,25.0,10,4,0.4,0.45,2.16,-1.71,6,0,5,0,5-3-2,https://www.foxsports.com/soccer/fifa-world-cup-men-ecuador-vs-curacao-jun-20-2026-game-boxscore-647650?tab=boxscore,verified
2026-06-20_match-35,35,2026-06-20,F,NED,Países Bajos,SWE,Suecia,True,5,1,G,3.0,52.0,12,7,0.583,2.19,1.23,0.96,11,2,0,0,4-3-3,https://www.foxsports.com/soccer/fifa-world-cup-men-netherlands-vs-sweden-jun-20-2026-game-boxscore-647648,verified
2026-06-20_match-35,35,2026-06-20,F,SWE,Suecia,NED,Países Bajos,False,1,5,P,0.0,48.0,21,10,0.476,1.23,2.19,-0.96,11,5,3,0,3-5-2,https://www.foxsports.com/soccer/fifa-world-cup-men-netherlands-vs-sweden-jun-20-2026-game-boxscore-647648,verified
2026-06-20_match-36,36,2026-06-20,F,TUN,Túnez,JPN,Japón,True,0,4,P,0.0,43.0,3,1,0.333,0.18,1.73,-1.55,2,3,0,0,5-3-2,https://www.foxsports.com/soccer/fifa-world-cup-men-tunisia-vs-japan-jun-21-2026-game-boxscore-647651?tab=boxscore,verified
2026-06-20_match-36,36,2026-06-20,F,JPN,Japón,TUN,Túnez,False,4,0,G,3.0,57.0,10,5,0.5,1.73,0.18,1.55,8,5,0,0,3-4-3,https://www.foxsports.com/soccer/fifa-world-cup-men-tunisia-vs-japan-jun-21-2026-game-boxscore-647651?tab=boxscore,verified
2026-06-21_match-37,37,2026-06-21,H,URU,Uruguay,CPV,Cabo Verde,True,2,2,E,1.0,66.0,16,2,0.125,1.92,0.7,1.22,8,11,2,0,4-2-3-1,https://www.foxsports.com/soccer/fifa-world-cup-men-uruguay-vs-cape-verde-jun-21-2026-game-boxscore-647654?tab=boxscore,verified
2026-06-21_match-37,37,2026-06-21,H,CPV,Cabo Verde,URU,Uruguay,False,2,2,E,1.0,34.0,11,4,0.364,0.7,1.92,-1.22,4,4,2,0,4-1-4-1,https://www.foxsports.com/soccer/fifa-world-cup-men-uruguay-vs-cape-verde-jun-21-2026-game-boxscore-647654?tab=boxscore,verified
2026-06-21_match-38,38,2026-06-21,H,ESP,España,KSA,Arabia Saudí,True,4,0,G,3.0,65.0,21,9,0.429,1.82,0.09,1.73,12,6,0,0,4-1-2-3,https://www.foxsports.com/soccer/fifa-world-cup-men-spain-vs-saudi-arabia-jun-21-2026-game-boxscore-647652?tab=boxscore,verified
2026-06-21_match-38,38,2026-06-21,H,KSA,Arabia Saudí,ESP,España,False,0,4,P,0.0,35.0,3,1,0.333,0.09,1.82,-1.73,2,1,2,0,4-4-2,https://www.foxsports.com/soccer/fifa-world-cup-men-spain-vs-saudi-arabia-jun-21-2026-game-boxscore-647652?tab=boxscore,verified
2026-06-21_match-39,39,2026-06-21,G,BEL,Bélgica,IRI,Irán,True,0,0,E,1.0,68.0,22,7,0.318,1.39,0.72,0.67,14,4,1,1,4-2-3-1,https://www.foxsports.com/soccer/fifa-world-cup-men-belgium-vs-iran-jun-21-2026-game-boxscore-647653?tab=boxscore,verified
2026-06-21_match-39,39,2026-06-21,G,IRI,Irán,BEL,Bélgica,False,0,0,E,1.0,32.0,7,3,0.429,0.72,1.39,-0.67,5,2,1,0,4-3-3,https://www.foxsports.com/soccer/fifa-world-cup-men-belgium-vs-iran-jun-21-2026-game-boxscore-647653?tab=boxscore,verified
2026-06-21_match-40,40,2026-06-21,G,NZL,Nueva Zelanda,EGY,Egipto,True,1,3,P,0.0,44.0,10,5,0.5,1.3,1.9,-0.6,8,4,2,0,4-4-2,https://www.foxsports.com/soccer/fifa-world-cup-men-new-zealand-vs-egypt-jun-21-2026-game-boxscore-647655?tab=boxscore,verified
2026-06-21_match-40,40,2026-06-21,G,EGY,Egipto,NZL,Nueva Zelanda,False,3,1,G,3.0,56.0,19,7,0.368,1.9,1.3,0.6,16,3,1,0,4-2-3-1,https://www.foxsports.com/soccer/fifa-world-cup-men-new-zealand-vs-egypt-jun-21-2026-game-boxscore-647655?tab=boxscore,verified
2026-06-22_match-41,41,2026-06-22,I,NOR,Noruega,SEN,Senegal,True,3,2,G,3.0,43.0,12,6,0.5,1.9,1.59,0.31,8,5,0,0,4-1-2-3,https://www.foxsports.com/soccer/fifa-world-cup-men/norway-vs-senegal-jun-22-2026-game-boxscore-647658?tab=boxscore,verified
2026-06-22_match-41,41,2026-06-22,I,SEN,Senegal,NOR,Noruega,False,2,3,P,0.0,57.0,17,6,0.353,1.59,1.9,-0.31,12,4,0,0,4-3-3,https://www.foxsports.com/soccer/fifa-world-cup-men/norway-vs-senegal-jun-22-2026-game-boxscore-647658?tab=boxscore,verified
2026-06-22_match-42,42,2026-06-22,I,FRA,Francia,IRQ,Irak,True,3,0,G,3.0,56.0,19,5,0.263,2.06,0.17,1.89,10,4,0,0,4-2-3-1,https://www.foxsports.com/soccer/fifa-world-cup-men/france-vs-iraq-jun-22-2026-game-boxscore-647657?tab=boxscore,verified
2026-06-22_match-42,42,2026-06-22,I,IRQ,Irak,FRA,Francia,False,0,3,P,0.0,44.0,4,0,0.0,0.17,2.06,-1.89,2,2,1,0,4-5-1,https://www.foxsports.com/soccer/fifa-world-cup-men/france-vs-iraq-jun-22-2026-game-boxscore-647657?tab=boxscore,verified
2026-06-22_match-43,43,2026-06-22,J,ARG,Argentina,AUT,Austria,True,2,0,G,3.0,54.0,12,3,0.25,1.82,0.51,1.31,5,1,2,0,4-4-2,https://www.foxsports.com/soccer/fifa-world-cup-men-argentina-vs-austria-jun-22-2026-game-boxscore-647656?tab=boxscore,verified
2026-06-22_match-43,43,2026-06-22,J,AUT,Austria,ARG,Argentina,False,0,2,P,0.0,46.0,6,1,0.167,0.51,1.82,-1.31,4,3,2,0,4-2-3-1,https://www.foxsports.com/soccer/fifa-world-cup-men-argentina-vs-austria-jun-22-2026-game-boxscore-647656?tab=boxscore,verified
2026-06-22_match-44,44,2026-06-22,J,JOR,Jordania,DZA,Argelia,True,1,2,P,0.0,26.0,9,4,0.444,1.0,1.64,-0.64,6,1,1,0,3-4-3,https://www.espn.com/soccer/match/_/gameId/760455/algeria-jordan,verified
2026-06-22_match-44,44,2026-06-22,J,DZA,Argelia,JOR,Jordania,False,2,1,G,3.0,74.0,16,8,0.5,1.64,1.0,0.64,12,9,1,0,4-3-3,https://www.espn.com/soccer/match/_/gameId/760455/algeria-jordan,verified
2026-06-23_match-45,45,2026-06-23,L,ENG,Inglaterra,GHA,Ghana,True,0,0,E,1.0,78.0,19,4,0.211,1.28,0.0,1.28,12,9,1,0,4-2-3-1,https://www.foxsports.com/soccer/fifa-world-cup-men-england-vs-ghana-jun-23-2026-game-boxscore-647661?tab=boxscore,verified
2026-06-23_match-45,45,2026-06-23,L,GHA,Ghana,ENG,Inglaterra,False,0,0,E,1.0,22.0,2,1,0.5,0.0,1.28,-1.28,0,2,1,0,5-4-1,https://www.foxsports.com/soccer/fifa-world-cup-men-england-vs-ghana-jun-23-2026-game-boxscore-647661?tab=boxscore,verified
2026-06-23_match-46,46,2026-06-23,L,PAN,Panamá,CRO,Croacia,True,0,1,P,0.0,42.0,8,3,0.375,0.38,0.94,-0.56,4,7,1,0,3-4-3,https://www.foxsports.com/soccer/fifa-world-cup-men-panama-vs-croatia-jun-23-2026-game-boxscore-647662?tab=boxscore,verified
2026-06-23_match-46,46,2026-06-23,L,CRO,Croacia,PAN,Panamá,False,1,0,G,3.0,58.0,6,3,0.5,0.94,0.38,0.56,3,2,1,0,4-2-3-1,https://www.foxsports.com/soccer/fifa-world-cup-men-panama-vs-croatia-jun-23-2026-game-boxscore-647662?tab=boxscore,verified
2026-06-23_match-47,47,2026-06-23,K,POR,Portugal,UZB,Uzbekistán,True,5,0,G,3.0,66.0,16,9,0.562,1.8,0.46,1.34,8,3,1,0,4-2-3-1,https://www.foxsports.com/soccer/fifa-world-cup-men-portugal-vs-uzbekistan-jun-23-2026-game-boxscore-647660?tab=boxscore,verified
2026-06-23_match-47,47,2026-06-23,K,UZB,Uzbekistán,POR,Portugal,False,0,5,P,0.0,34.0,7,2,0.286,0.46,1.8,-1.34,7,2,1,0,3-4-3,https://www.foxsports.com/soccer/fifa-world-cup-men-portugal-vs-uzbekistan-jun-23-2026-game-boxscore-647660?tab=boxscore,verified
2026-06-23_match-48,48,2026-06-23,K,COL,Colombia,COD,DR Congo,True,1,0,G,3.0,66.0,20,9,0.45,1.2,0.36,0.84,11,5,2,0,4-2-3-1,https://www.foxsports.com/soccer/fifa-world-cup-men-colombia-vs-dr-congo-jun-23-2026-game-boxscore-647663?tab=boxscore,verified
2026-06-23_match-48,48,2026-06-23,K,COD,DR Congo,COL,Colombia,False,0,1,P,0.0,34.0,7,2,0.286,0.36,1.2,-0.84,5,4,1,0,5-3-2,https://www.foxsports.com/soccer/fifa-world-cup-men-colombia-vs-dr-congo-jun-23-2026-game-boxscore-647663?tab=boxscore,verified
2026-06-24_match-49,49,2026-06-24,B,SUI,Suiza,CAN,Canadá,True,2,1,G,3.0,55.0,6,4,0.667,0.5,1.56,-1.06,3,2,1,0,4-1-2-3,https://www.foxsports.com/soccer/fifa-world-cup-men-switzerland-vs-canada-jun-24-2026-game-boxscore-647664?tab=boxscore,verified
2026-06-24_match-49,49,2026-06-24,B,CAN,Canadá,SUI,Suiza,False,1,2,P,0.0,45.0,13,7,0.538,1.56,0.5,1.06,11,7,2,0,4-4-2,https://www.foxsports.com/soccer/fifa-world-cup-men-switzerland-vs-canada-jun-24-2026-game-boxscore-647664?tab=boxscore,verified
2026-06-24_match-50,50,2026-06-24,B,BIH,Bosnia y Herzegovina,QAT,Catar,True,3,1,G,3.0,55.0,15,5,0.333,0.84,0.72,0.12,9,5,1,0,4-4-2,https://www.foxsports.com/soccer/fifa-world-cup-men-bosnia-vs-qatar-jun-24-2026-game-boxscore-647665?tab=boxscore,verified
2026-06-24_match-50,50,2026-06-24,B,QAT,Catar,BIH,Bosnia y Herzegovina,False,1,3,P,0.0,45.0,9,3,0.333,0.72,0.84,-0.12,7,5,1,0,4-1-2-3,https://www.foxsports.com/soccer/fifa-world-cup-men-bosnia-vs-qatar-jun-24-2026-game-boxscore-647665?tab=boxscore,verified
2026-06-24_match-51,51,2026-06-24,C,SCO,Escocia,BRA,Brasil,True,0,3,P,0.0,46.0,11,5,0.455,0.89,3.12,-2.23,6,7,1,0,4-2-3-1,https://www.foxsports.com/soccer/fifa-world-cup-men-scotland-vs-brazil-jun-24-2026-game-boxscore-647666?tab=boxscore,verified
2026-06-24_match-51,51,2026-06-24,C,BRA,Brasil,SCO,Escocia,False,3,0,G,3.0,54.0,21,8,0.381,3.12,0.89,2.23,16,6,2,0,4-3-3,https://www.foxsports.com/soccer/fifa-world-cup-men-scotland-vs-brazil-jun-24-2026-game-boxscore-647666?tab=boxscore,verified
2026-06-24_match-52,52,2026-06-24,C,MAR,Marruecos,HTI,Haití,True,4,2,G,3.0,69.0,19,12,0.632,2.13,0.33,1.8,10,9,0,0,4-2-3-1,https://www.foxsports.com/soccer/fifa-world-cup-men-morocco-vs-haiti-jun-24-2026-game-boxscore-647667?tab=boxscore,verified
2026-06-24_match-52,52,2026-06-24,C,HTI,Haití,MAR,Marruecos,False,2,4,P,0.0,31.0,7,2,0.286,0.33,2.13,-1.8,2,1,3,0,4-4-2,https://www.foxsports.com/soccer/fifa-world-cup-men-morocco-vs-haiti-jun-24-2026-game-boxscore-647667?tab=boxscore,verified
2026-06-24_match-53,53,2026-06-24,A,CZE,República Checa,MEX,México,True,0,3,P,0.0,51.0,12,1,0.083,0.74,1.62,-0.88,4,5,0,0,5-2-3,https://www.foxsports.com/soccer/fifa-world-cup-men-czechia-vs-mexico-jun-24-2026-game-boxscore-647668?tab=boxscore,verified
2026-06-24_match-53,53,2026-06-24,A,MEX,México,CZE,República Checa,False,3,0,G,3.0,49.0,11,5,0.455,1.62,0.74,0.88,5,1,1,0,4-1-2-3,https://www.foxsports.com/soccer/fifa-world-cup-men-czechia-vs-mexico-jun-24-2026-game-boxscore-647668?tab=boxscore,verified
2026-06-24_match-54,54,2026-06-24,A,RSA,Sudáfrica,KOR,Corea del Sur,True,1,0,G,3.0,31.0,14,4,0.286,0.92,0.84,0.08,9,4,1,0,4-2-3-1,https://www.foxsports.com/soccer/fifa-world-cup-men-south-africa-vs-south-korea-jun-24-2026-game-boxscore-647669?tab=boxscore,verified
2026-06-24_match-54,54,2026-06-24,A,KOR,Corea del Sur,RSA,Sudáfrica,False,0,1,P,0.0,69.0,7,2,0.286,0.84,0.92,-0.08,6,6,1,0,3-4-1-2,https://www.foxsports.com/soccer/fifa-world-cup-men-south-africa-vs-south-korea-jun-24-2026-game-boxscore-647669?tab=boxscore,verified
1970-01-01_match-55,55,1970-01-01,E,ECU,Ecuador,GER,Alemania,True,2,1,G,3.0,39.0,8,3,0.375,1.54,0.67,0.87,7,3,3,0,4-4-2,https://www.foxsports.com/soccer/fifa-world-cup-men-ecuador-vs-germany-jun-25-2026-game-boxscore-647670?tab=boxscore,verified
1970-01-01_match-55,55,1970-01-01,E,GER,Alemania,ECU,Ecuador,False,1,2,P,0.0,61.0,11,3,0.273,0.67,1.54,-0.87,6,2,1,0,4-2-3-1,https://www.foxsports.com/soccer/fifa-world-cup-men-ecuador-vs-germany-jun-25-2026-game-boxscore-647670?tab=boxscore,verified
1970-01-01_match-56,56,1970-01-01,E,CUW,Curazao,CIV,Costa de Marfil,True,0,2,P,0.0,38.0,10,3,0.3,0.45,1.11,-0.66,8,4,2,0,5-3-2,https://www.foxsports.com/soccer/fifa-world-cup-men-curacao-vs-ivory-coast-jun-25-2026-game-boxscore-647671?tab=boxscore,verified
1970-01-01_match-56,56,1970-01-01,E,CIV,Costa de Marfil,CUW,Curazao,False,2,0,G,3.0,62.0,8,3,0.375,1.11,0.45,0.66,6,6,1,0,4-4-2,https://www.foxsports.com/soccer/fifa-world-cup-men-curacao-vs-ivory-coast-jun-25-2026-game-boxscore-647671?tab=boxscore,verified
1970-01-01_match-57,57,1970-01-01,F,JPN,Japón,SWE,Suecia,True,1,1,E,1.0,51.0,8,3,0.375,1.04,0.7,0.34,8,2,1,0,3-4-3,https://www.foxsports.com/soccer/fifa-world-cup-men-japan-vs-sweden-jun-25-2026-game-boxscore-647673?tab=boxscore,verified
1970-01-01_match-57,57,1970-01-01,F,SWE,Suecia,JPN,Japón,False,1,1,E,1.0,49.0,10,5,0.5,0.7,1.04,-0.34,5,8,2,0,3-4-1-2,https://www.foxsports.com/soccer/fifa-world-cup-men-japan-vs-sweden-jun-25-2026-game-boxscore-647673?tab=boxscore,verified
1970-01-01_match-58,58,1970-01-01,F,TUN,Túnez,NED,Países Bajos,True,1,3,P,0.0,29.0,10,4,0.4,0.61,1.65,-1.04,6,4,0,0,5-3-2,https://www.foxsports.com/soccer/fifa-world-cup-men-tunisia-vs-netherlands-jun-25-2026-game-boxscore-647672?tab=boxscore,verified
1970-01-01_match-58,58,1970-01-01,F,NED,Países Bajos,TUN,Túnez,False,3,1,G,3.0,71.0,19,6,0.316,1.65,0.61,1.04,12,6,0,0,4-3-3,https://www.foxsports.com/soccer/fifa-world-cup-men-tunisia-vs-netherlands-jun-25-2026-game-boxscore-647672?tab=boxscore,verified
1970-01-01_match-59,59,1970-01-01,D,TUR,Turquía,USA,Estados Unidos,True,3,2,G,3.0,47.0,10,4,0.4,1.59,1.8,-0.21,6,2,0,0,4-2-3-1,https://www.foxsports.com/soccer/fifa-world-cup-men-turkiye-vs-united-states-jun-25-2026-game-boxscore-647674?tab=boxscore,verified
1970-01-01_match-59,59,1970-01-01,D,USA,Estados Unidos,TUR,Turquía,False,2,3,P,0.0,53.0,19,7,0.368,1.8,1.59,0.21,9,9,1,0,4-1-2-3,https://www.foxsports.com/soccer/fifa-world-cup-men-turkiye-vs-united-states-jun-25-2026-game-boxscore-647674?tab=boxscore,verified
1970-01-01_match-60,60,1970-01-01,D,PAR,Paraguay,AUS,Australia,True,0,0,E,1.0,44.0,8,2,0.25,0.42,0.85,-0.43,4,1,1,0,5-4-1,https://www.foxsports.com/soccer/fifa-world-cup-men-paraguay-vs-australia-jun-25-2026-game-boxscore-647675?tab=boxscore,verified
1970-01-01_match-60,60,1970-01-01,D,AUS,Australia,PAR,Paraguay,False,0,0,E,1.0,56.0,12,5,0.417,0.85,0.42,0.43,11,3,1,0,3-4-3,https://www.foxsports.com/soccer/fifa-world-cup-men-paraguay-vs-australia-jun-25-2026-game-boxscore-647675?tab=boxscore,verified
2026-06-26_match-61,61,2026-06-26,I,NOR,Noruega,FRA,Francia,True,1,4,P,0.0,43.0,10,5,0.5,1.42,1.12,0.3,5,4,1,0,4-3-3,https://www.foxsports.com/soccer/fifa-world-cup-men-norway-vs-france-jun-26-2026-game-boxscore-647676?tab=boxscore; https://www.transfermarkt.us/frankreich/spielplan/verein/3377,verified
2026-06-26_match-61,61,2026-06-26,I,FRA,Francia,NOR,Noruega,False,4,1,G,3.0,57.0,19,10,0.526,1.12,1.42,-0.3,14,5,1,0,4-2-3-1,https://www.foxsports.com/soccer/fifa-world-cup-men-norway-vs-france-jun-26-2026-game-boxscore-647676?tab=boxscore; https://www.transfermarkt.us/frankreich/spielplan/verein/3377,verified
2026-06-26_match-62,62,2026-06-26,I,SEN,Senegal,IRQ,Irak,True,5,0,G,3.0,69.0,30,12,0.4,2.67,0.28,2.39,22,12,2,0,4-1-2-3,https://www.foxsports.com/soccer/fifa-world-cup-men-senegal-vs-iraq-jun-26-2026-game-boxscore-647677?tab=boxscore,verified
2026-06-26_match-62,62,2026-06-26,I,IRQ,Irak,SEN,Senegal,False,0,5,P,0.0,31.0,6,1,0.167,0.28,2.67,-2.39,3,3,2,1,4-4-2,https://www.foxsports.com/soccer/fifa-world-cup-men-senegal-vs-iraq-jun-26-2026-game-boxscore-647677?tab=boxscore,verified
2026-06-26_match-63,63,2026-06-26,H,URU,Uruguay,ESP,España,True,0,1,P,0.0,32.0,6,2,0.333,0.47,0.53,-0.06,5,1,3,1,4-1-2-3,https://www.foxsports.com/soccer/fifa-world-cup-men-uruguay-vs-spain-jun-26-2026-game-boxscore-647678?tab=boxscore; https://www.thescore.com/worldcup/event/93044,verified
2026-06-26_match-63,63,2026-06-26,H,ESP,España,URU,Uruguay,False,1,0,G,3.0,68.0,5,1,0.2,0.53,0.47,0.06,5,6,1,0,4-1-2-3,https://www.foxsports.com/soccer/fifa-world-cup-men-uruguay-vs-spain-jun-26-2026-game-boxscore-647678?tab=boxscore; https://www.thescore.com/worldcup/event/93044,verified
2026-06-26_match-64,64,2026-06-26,H,CPV,Cabo Verde,KSA,Arabia Saudí,True,0,0,E,1.0,51.0,15,3,0.2,1.54,0.37,1.17,7,4,1,0,4-1-2-3,https://www.foxsports.com/soccer/fifa-world-cup-men-cape-verde-vs-saudi-arabia-jun-26-2026-game-boxscore-647679?tab=boxscore; https://www.transfermarkt.us/cape-verde_saudi-arabia/index/spielbericht/4776662,verified
2026-06-26_match-64,64,2026-06-26,H,KSA,Arabia Saudí,CPV,Cabo Verde,False,0,0,E,1.0,49.0,6,3,0.5,0.37,1.54,-1.17,4,2,3,0,4-4-2,https://www.foxsports.com/soccer/fifa-world-cup-men-cape-verde-vs-saudi-arabia-jun-26-2026-game-boxscore-647679?tab=boxscore; https://www.transfermarkt.us/cape-verde_saudi-arabia/index/spielbericht/4776662,verified
2026-06-26_match-65,65,2026-06-26,G,NZL,Nueva Zelanda,BEL,Bélgica,True,1,5,P,0.0,45.0,6,2,0.333,0.64,3.18,-2.54,3,5,2,0,4-2-3-1,https://www.foxsports.com/soccer/fifa-world-cup-men-new-zealand-vs-belgium-jun-26-2026-game-boxscore-647680?tab=boxscore,verified
2026-06-26_match-65,65,2026-06-26,G,BEL,Bélgica,NZL,Nueva Zelanda,False,5,1,G,3.0,55.0,33,10,0.303,3.18,0.64,2.54,17,8,0,0,4-2-3-1,https://www.foxsports.com/soccer/fifa-world-cup-men-new-zealand-vs-belgium-jun-26-2026-game-boxscore-647680?tab=boxscore,verified
2026-06-26_match-66,66,2026-06-26,G,EGY,Egipto,IRI,Irán,True,1,1,E,1.0,62.0,14,3,0.214,1.25,1.48,-0.23,7,8,3,0,4-2-3-1,https://www.foxsports.com/soccer/fifa-world-cup-men-egypt-vs-iran-jun-26-2026-game-boxscore-647681?tab=boxscore,verified
2026-06-26_match-66,66,2026-06-26,G,IRI,Irán,EGY,Egipto,False,1,1,E,1.0,38.0,11,3,0.273,1.48,1.25,0.23,4,2,4,0,5-3-2,https://www.foxsports.com/soccer/fifa-world-cup-men-egypt-vs-iran-jun-26-2026-game-boxscore-647681?tab=boxscore,verified
1970-01-01_match-67,67,1970-01-01,L,PAN,Panamá,ENG,Inglaterra,True,0,2,P,0.0,32.0,9,2,0.222,0.52,1.36,-0.84,6,3,2,0,,https://www.foxsports.com/soccer/fifa-world-cup-men-panama-vs-england-jun-27-2026-game-boxscore-647682?tab=boxscore; https://www.11v11.com/matches/panama-v-england-27-june-2026-393604/,verified
1970-01-01_match-67,67,1970-01-01,L,ENG,Inglaterra,PAN,Panamá,False,2,0,G,3.0,68.0,17,8,0.471,1.36,0.52,0.84,13,7,1,0,,https://www.foxsports.com/soccer/fifa-world-cup-men-panama-vs-england-jun-27-2026-game-boxscore-647682?tab=boxscore; https://www.11v11.com/matches/panama-v-england-27-june-2026-393604/,verified
1970-01-01_match-68,68,1970-01-01,L,CRO,Croacia,GHA,Ghana,True,2,1,G,3.0,53.0,8,4,0.5,0.53,0.61,-0.08,7,3,1,0,,https://www.foxsports.com/soccer/fifa-world-cup-men-croatia-vs-ghana-jun-27-2026-game-boxscore-647683?tab=boxscore; https://www.11v11.com/matches/croatia-v-ghana-27-june-2026-393603/,verified
1970-01-01_match-68,68,1970-01-01,L,GHA,Ghana,CRO,Croacia,False,1,2,P,0.0,47.0,6,1,0.167,0.61,0.53,0.08,4,2,1,0,,https://www.foxsports.com/soccer/fifa-world-cup-men-croatia-vs-ghana-jun-27-2026-game-boxscore-647683?tab=boxscore; https://www.11v11.com/matches/croatia-v-ghana-27-june-2026-393603/,verified
1970-01-01_match-69,69,1970-01-01,K,COL,Colombia,POR,Portugal,True,0,0,E,1.0,55.0,26,6,0.231,1.38,0.69,0.69,18,5,1,0,,https://www.foxsports.com/soccer/fifa-world-cup-men-colombia-vs-portugal-jun-27-2026-game-boxscore-647684?tab=boxscore; https://www.11v11.com/matches/colombia-v-portugal-27-june-2026-393597/,verified
1970-01-01_match-69,69,1970-01-01,K,POR,Portugal,COL,Colombia,False,0,0,E,1.0,45.0,13,2,0.154,0.69,1.38,-0.69,7,2,0,0,,https://www.foxsports.com/soccer/fifa-world-cup-men-colombia-vs-portugal-jun-27-2026-game-boxscore-647684?tab=boxscore; https://www.11v11.com/matches/colombia-v-portugal-27-june-2026-393597/,verified
1970-01-01_match-70,70,1970-01-01,K,COD,DR Congo,UZB,Uzbekistán,True,3,1,G,3.0,58.0,19,4,0.211,1.92,0.23,1.69,12,2,3,0,,https://www.foxsports.com/soccer/fifa-world-cup-men-congo-dr-vs-uzbekistan-jun-27-2026-game-boxscore-647685?tab=boxscore; https://www.11v11.com/matches/congo-dr-v-uzbekistan-27-june-2026-393598/,verified
1970-01-01_match-70,70,1970-01-01,K,UZB,Uzbekistán,COD,DR Congo,False,1,3,P,0.0,42.0,3,1,0.333,0.23,1.92,-1.69,2,4,2,0,,https://www.foxsports.com/soccer/fifa-world-cup-men-congo-dr-vs-uzbekistan-jun-27-2026-game-boxscore-647685?tab=boxscore; https://www.11v11.com/matches/congo-dr-v-uzbekistan-27-june-2026-393598/,verified
1970-01-01_match-71,71,1970-01-01,J,DZA,Argelia,AUT,Austria,True,3,3,E,1.0,53.0,10,4,0.4,0.93,0.81,0.12,9,0,0,0,4-2-3-1,https://www.foxsports.com/soccer/fifa-world-cup-men-algeria-vs-austria-jun-27-2026-game-boxscore-647687?tab=boxscore; https://www.11v11.com/matches/algeria-v-austria-27-june-2026-393591/,verified
1970-01-01_match-71,71,1970-01-01,J,AUT,Austria,DZA,Argelia,False,3,3,E,1.0,47.0,9,3,0.333,0.81,0.93,-0.12,4,3,1,0,4-2-3-1,https://www.foxsports.com/soccer/fifa-world-cup-men-algeria-vs-austria-jun-27-2026-game-boxscore-647687?tab=boxscore; https://www.11v11.com/matches/algeria-v-austria-27-june-2026-393591/,verified
1970-01-01_match-72,72,1970-01-01,J,JOR,Jordania,ARG,Argentina,True,1,3,P,0.0,30.0,5,1,0.2,0.49,1.78,-1.29,2,2,3,0,,https://www.foxsports.com/soccer/fifa-world-cup-men-jordan-vs-argentina-jun-27-2026-game-boxscore-647686?tab=boxscore; https://www.11v11.com/matches/jordan-v-argentina-27-june-2026-393592/,verified
1970-01-01_match-72,72,1970-01-01,J,ARG,Argentina,JOR,Jordania,False,3,1,G,3.0,70.0,13,5,0.385,1.78,0.49,1.29,6,6,0,0,,https://www.foxsports.com/soccer/fifa-world-cup-men-jordan-vs-argentina-jun-27-2026-game-boxscore-647686?tab=boxscore; https://www.11v11.com/matches/jordan-v-argentina-27-june-2026-393592/,verified
2026-06-28_match-73,73,2026-06-28,16vos,RSA,Sudáfrica,CAN,Canadá,True,0,1,P,,58.0,6,2,0.333,0.18,1.43,-1.25,3,1,0,0,4-2-3-1,https://www.foxsports.com/soccer/fifa-world-cup-men-2a-vs-2b-jun-28-2026-game-boxscore-607903?tab=boxscore,verified
2026-06-28_match-73,73,2026-06-28,16vos,CAN,Canadá,RSA,Sudáfrica,False,1,0,G,,42.0,14,7,0.5,1.43,0.18,1.25,8,4,2,0,4-4-2,https://www.foxsports.com/soccer/fifa-world-cup-men-2a-vs-2b-jun-28-2026-game-boxscore-607903?tab=boxscore,verified
2026-06-29_match-74,74,2026-06-29,16vos,GER,Alemania,PAR,Paraguay,True,1,1,P,,75.0,21,7,0.333,1.48,0.51,0.97,10,16,2,0,4-2-3-1,https://www.foxsports.com/soccer/fifa-world-cup-men-germany-vs-paraguay-jun-29-2026-game-boxscore-607904?tab=boxscore,verified
2026-06-29_match-74,74,2026-06-29,16vos,PAR,Paraguay,GER,Alemania,False,1,1,G,,25.0,7,4,0.571,0.51,1.48,-0.97,3,6,2,0,4-5-1,https://www.foxsports.com/soccer/fifa-world-cup-men-germany-vs-paraguay-jun-29-2026-game-boxscore-607904?tab=boxscore,verified
2026-06-29_match-75,75,2026-06-29,16vos,NED,Países Bajos,MAR,Marruecos,True,1,1,P,,36.0,6,3,0.5,0.41,0.53,-0.12,4,4,0,0,,https://www.foxsports.com/soccer/fifa-world-cup-men-1f-vs-2c-jun-29-2026-game-boxscore-607905?tab=boxscore,verified
2026-06-29_match-75,75,2026-06-29,16vos,MAR,Marruecos,NED,Países Bajos,False,1,1,G,,64.0,10,4,0.4,0.53,0.41,0.12,5,7,1,0,,https://www.foxsports.com/soccer/fifa-world-cup-men-1f-vs-2c-jun-29-2026-game-boxscore-607905?tab=boxscore,verified
2026-06-29_match-76,76,2026-06-29,16vos,BRA,Brasil,JPN,Japón,True,2,1,G,,60.0,20,7,0.35,1.56,0.26,1.3,15,6,2,0,,https://www.foxsports.com/soccer/fifa-world-cup-men-1c-vs-2f-jun-29-2026-game-boxscore-607906?tab=boxscore,verified
2026-06-29_match-76,76,2026-06-29,16vos,JPN,Japón,BRA,Brasil,False,1,2,P,,40.0,5,2,0.4,0.26,1.56,-1.3,3,2,3,0,,https://www.foxsports.com/soccer/fifa-world-cup-men-1c-vs-2f-jun-29-2026-game-boxscore-607906?tab=boxscore,verified
1970-01-01_match-77,77,1970-01-01,16vos,CIV,Costa de Marfil,NOR,Noruega,True,1,2,P,,52.0,14,5,0.357,1.15,2.07,-0.92,7,14,0,0,4-1-2-3,https://www.foxsports.com/soccer/fifa-world-cup-men-ivory-coast-vs-norway-jun-30-2026-game-boxscore-607908?tab=boxscore; https://www.11v11.com/matches/ivory-coast-v-norway-30-june-2026-393756/,verified
1970-01-01_match-77,77,1970-01-01,16vos,NOR,Noruega,CIV,Costa de Marfil,False,2,1,G,,48.0,9,3,0.333,2.07,1.15,0.92,8,3,1,0,4-2-1-3,https://www.foxsports.com/soccer/fifa-world-cup-men-ivory-coast-vs-norway-jun-30-2026-game-boxscore-607908?tab=boxscore; https://www.11v11.com/matches/ivory-coast-v-norway-30-june-2026-393756/,verified
1970-01-01_match-78,78,1970-01-01,16vos,FRA,Francia,SWE,Suecia,True,3,0,G,,61.0,25,13,0.52,2.41,0.51,1.9,19,9,0,0,4-2-3-1,https://www.foxsports.com/soccer/fifa-world-cup-men-france-vs-sweden-jun-30-2026-game-boxscore-607907?tab=boxscore; https://www.11v11.com/matches/france-v-sweden-30-june-2026-393757/,verified
1970-01-01_match-78,78,1970-01-01,16vos,SWE,Suecia,FRA,Francia,False,0,3,P,,39.0,8,3,0.375,0.51,2.41,-1.9,4,1,0,0,3-4-3,https://www.foxsports.com/soccer/fifa-world-cup-men-france-vs-sweden-jun-30-2026-game-boxscore-607907?tab=boxscore; https://www.11v11.com/matches/france-v-sweden-30-june-2026-393757/,verified
1970-01-01_match-79,79,1970-01-01,16vos,MEX,México,ECU,Ecuador,True,2,0,G,,43.0,15,3,0.2,1.63,0.72,0.91,14,3,0,0,4-1-2-3,https://www.foxsports.com/soccer/fifa-world-cup-men-mexico-vs-ecuador-jun-30-2026-game-boxscore-607909?tab=boxscore; https://www.11v11.com/matches/mexico-v-ecuador-30-june-2026-393758/,verified
1970-01-01_match-79,79,1970-01-01,16vos,ECU,Ecuador,MEX,México,False,0,2,P,,57.0,8,1,0.125,0.72,1.63,-0.91,6,8,3,1,4-4-2,https://www.foxsports.com/soccer/fifa-world-cup-men-mexico-vs-ecuador-jun-30-2026-game-boxscore-607909?tab=boxscore; https://www.11v11.com/matches/mexico-v-ecuador-30-june-2026-393758/,verified
1970-01-01_match-80,80,1970-01-01,16vos,ENG,Inglaterra,COD,DR Congo,True,2,1,G,,54.0,16,8,0.5,2.16,0.31,1.85,13,5,1,0,,https://www.foxsports.com/soccer/fifa-world-cup-men-england-vs-dr-congo-jul-01-2026-game-boxscore-607912?tab=boxscore; https://www.11v11.com/matches/england-v-congo-dr-01-july-2026-393759/; https://www.fifa.com/en/match-centre/match/17/285023/289287/400021512,verified
1970-01-01_match-80,80,1970-01-01,16vos,COD,DR Congo,ENG,Inglaterra,False,1,2,P,,46.0,7,2,0.286,0.31,2.16,-1.85,4,3,1,0,,https://www.foxsports.com/soccer/fifa-world-cup-men-england-vs-dr-congo-jul-01-2026-game-boxscore-607912?tab=boxscore; https://www.11v11.com/matches/england-v-congo-dr-01-july-2026-393759/; https://www.fifa.com/en/match-centre/match/17/285023/289287/400021512,verified
1970-01-01_match-81,81,1970-01-01,16vos,BEL,Bélgica,SEN,Senegal,True,3,2,G,,53.0,21,5,0.238,2.02,2.51,-0.49,13,4,1,0,,https://www.foxsports.com/soccer/fifa-world-cup-men-belgium-vs-senegal-jul-01-2026-game-boxscore-607911?tab=boxscore; https://www.11v11.com/matches/belgium-v-senegal-01-july-2026-393760/,verified
1970-01-01_match-81,81,1970-01-01,16vos,SEN,Senegal,BEL,Bélgica,False,2,3,P,,47.0,19,5,0.263,2.51,2.02,0.49,9,2,1,0,,https://www.foxsports.com/soccer/fifa-world-cup-men-belgium-vs-senegal-jul-01-2026-game-boxscore-607911?tab=boxscore; https://www.11v11.com/matches/belgium-v-senegal-01-july-2026-393760/,verified
1970-01-01_match-82,82,1970-01-01,16vos,USA,Estados Unidos,BIH,Bosnia y Herzegovina,True,2,0,G,,48.0,9,2,0.222,1.13,0.53,0.6,4,4,0,1,,https://www.foxsports.com/soccer/fifa-world-cup-men-united-states-vs-bosnia-and-herzegovina-jul-01-2026-game-boxscore-607910?tab=boxscore; https://www.11v11.com/matches/usa-v-bosnia-and-herzegovina-01-july-2026-393761/,verified
1970-01-01_match-82,82,1970-01-01,16vos,BIH,Bosnia y Herzegovina,USA,Estados Unidos,False,0,2,P,,52.0,11,4,0.364,0.53,1.13,-0.6,6,3,1,0,,https://www.foxsports.com/soccer/fifa-world-cup-men-united-states-vs-bosnia-and-herzegovina-jul-01-2026-game-boxscore-607910?tab=boxscore; https://www.11v11.com/matches/usa-v-bosnia-and-herzegovina-01-july-2026-393761/,verified
1970-01-01_match-83,83,1970-01-01,16vos,ESP,España,AUT,Austria,True,3,0,G,,65.0,22,10,0.455,2.25,0.45,1.8,15,9,0,0,4-1-2-3,https://www.foxsports.com/soccer/fifa-world-cup-men-spain-vs-austria-jul-02-2026-game-boxscore-607915?tab=boxscore; https://www.11v11.com/matches/spain-v-austria-02-july-2026-393762/; https://www.stadiumsportus.com/sport/event/8692,verified
1970-01-01_match-83,83,1970-01-01,16vos,AUT,Austria,ESP,España,False,0,3,P,,35.0,5,0,0.0,0.45,2.25,-1.8,4,0,1,0,4-2-3-1,https://www.foxsports.com/soccer/fifa-world-cup-men-spain-vs-austria-jul-02-2026-game-boxscore-607915?tab=boxscore; https://www.11v11.com/matches/spain-v-austria-02-july-2026-393762/; https://www.stadiumsportus.com/sport/event/8692,verified
1970-01-01_match-84,84,1970-01-01,16vos,POR,Portugal,CRO,Croacia,True,2,1,G,,62.0,15,3,0.2,2.42,1.37,1.05,9,9,1,0,4-2-3-1,https://www.foxsports.com/soccer/fifa-world-cup-men-portugal-vs-croatia-jul-02-2026-game-boxscore-607914?tab=boxscore; https://www.11v11.com/matches/portugal-v-croatia-02-july-2026-393763/; https://eu-football.info/_match.php?id=19984; https://www.skysports.com/football/portugal-vs-croatia/549850,verified
1970-01-01_match-84,84,1970-01-01,16vos,CRO,Croacia,POR,Portugal,False,1,2,P,,38.0,13,7,0.538,1.37,2.42,-1.05,10,5,2,0,4-2-3-1,https://www.foxsports.com/soccer/fifa-world-cup-men-portugal-vs-croatia-jul-02-2026-game-boxscore-607914?tab=boxscore; https://www.11v11.com/matches/portugal-v-croatia-02-july-2026-393763/; https://eu-football.info/_match.php?id=19984; https://www.skysports.com/football/portugal-vs-croatia/549850,verified
1970-01-01_match-85,85,1970-01-01,16vos,SUI,Suiza,DZA,Argelia,True,2,0,G,,45.0,11,5,0.455,2.32,0.69,1.63,7,4,0,0,4-2-3-1,https://www.foxsports.com/soccer/fifa-world-cup-men-switzerland-vs-algeria-jul-02-2026-game-boxscore-607913?tab=boxscore; https://www.11v11.com/matches/switzerland-v-algeria-02-july-2026-393764/; https://www.skysports.com/football/switzerland-vs-algeria/549848; https://www.espn.com/soccer/match/_/gameId/760498/algeria-switzerland,verified
1970-01-01_match-85,85,1970-01-01,16vos,DZA,Argelia,SUI,Suiza,False,0,2,P,,55.0,8,2,0.25,0.69,2.32,-1.63,8,2,2,0,4-2-3-1,https://www.foxsports.com/soccer/fifa-world-cup-men-switzerland-vs-algeria-jul-02-2026-game-boxscore-607913?tab=boxscore; https://www.11v11.com/matches/switzerland-v-algeria-02-july-2026-393764/; https://www.skysports.com/football/switzerland-vs-algeria/549848; https://www.espn.com/soccer/match/_/gameId/760498/algeria-switzerland,verified
1970-01-01_match-86,86,1970-01-01,16vos,AUS,Australia,EGY,Egipto,True,1,1,P,,42.0,15,3,0.2,0.68,1.3,-0.62,7,4,0,0,3-4-3,https://www.foxsports.com/soccer/fifa-world-cup-men-australia-vs-egypt-jul-03-2026-game-boxscore-607916?tab=boxscore; https://www.skysports.com/football/australia-vs-egypt/549851; https://www.espn.com/soccer/match/_/gameId/760499; https://www.theguardian.com/football/2026/jul/03/australia-egypt-world-cup-2026-last-32-match-report,verified
1970-01-01_match-86,86,1970-01-01,16vos,EGY,Egipto,AUS,Australia,False,1,1,G,,58.0,14,4,0.286,1.3,0.68,0.62,10,7,2,0,4-2-3-1,https://www.foxsports.com/soccer/fifa-world-cup-men-australia-vs-egypt-jul-03-2026-game-boxscore-607916?tab=boxscore; https://www.skysports.com/football/australia-vs-egypt/549851; https://www.espn.com/soccer/match/_/gameId/760499; https://www.theguardian.com/football/2026/jul/03/australia-egypt-world-cup-2026-last-32-match-report,verified
1970-01-01_match-87,87,1970-01-01,16vos,ARG,Argentina,CPV,Cabo Verde,True,3,2,G,,64.0,21,10,0.476,1.96,0.81,1.15,9,8,1,0,4-1-2-3,https://www.foxsports.com/soccer/fifa-world-cup-men-argentina-vs-cape-verde-jul-03-2026-game-boxscore-607918?tab=boxscore; https://www.11v11.com/matches/argentina-v-cape-verde-islands-03-july-2026-393766/; https://www.skysports.com/football/argentina-vs-cape-verde/549852; https://www.theguardian.com/football/live/2026/jul/03/argentina-v-cape-verde-world-cup-2026-last-32-live,verified
1970-01-01_match-87,87,1970-01-01,16vos,CPV,Cabo Verde,ARG,Argentina,False,2,3,P,,36.0,15,5,0.333,0.81,1.96,-1.15,9,8,1,0,4-1-4-1,https://www.foxsports.com/soccer/fifa-world-cup-men-argentina-vs-cape-verde-jul-03-2026-game-boxscore-607918?tab=boxscore; https://www.11v11.com/matches/argentina-v-cape-verde-islands-03-july-2026-393766/; https://www.skysports.com/football/argentina-vs-cape-verde/549852; https://www.theguardian.com/football/live/2026/jul/03/argentina-v-cape-verde-world-cup-2026-last-32-live,verified
1970-01-01_match-88,88,1970-01-01,16vos,COL,Colombia,GHA,Ghana,True,1,0,G,,62.0,20,8,0.4,2.24,0.28,1.96,14,3,2,0,4-1-2-3,https://www.foxsports.com/soccer/fifa-world-cup-men-colombia-vs-ghana-jul-03-2026-game-boxscore-607917?tab=boxscore; https://www.fifa.com/en/match-centre/match/17/285023/289287/400021517; https://www.skysports.com/football/colombia-vs-ghana/549853; https://www.kansascity.com/sports/fifa-world-cup/article316378169.html,verified
1970-01-01_match-88,88,1970-01-01,16vos,GHA,Ghana,COL,Colombia,False,0,1,P,,38.0,8,0,0.0,0.28,2.24,-1.96,3,2,3,0,4-1-2-3,https://www.foxsports.com/soccer/fifa-world-cup-men-colombia-vs-ghana-jul-03-2026-game-boxscore-607917?tab=boxscore; https://www.fifa.com/en/match-centre/match/17/285023/289287/400021517; https://www.skysports.com/football/colombia-vs-ghana/549853; https://www.kansascity.com/sports/fifa-world-cup/article316378169.html,verified
